DH_XVR5x32-S2_EngSpnFrn_NP_V3.218.0000002.1.R.171229.bin,2017-12-29
DH_HCVR7x08-4K_EngSpnFrn_NP_V3.218.0000002.1.R.171229.bin,2017-12-29
DH_XVR5x04-S2_EngSpnFrn_NP_V3.218.0000002.1.R.171229.bin,2017-12-29
DH_IC-A5051MU545_V1.000.0000.0.R.20180921.bin,2018-09-21
DH_IPC-HEAT_MCU_V2.800.0000008.0.R.190619.bin,2019-06-19
DH_IPC-HX5X3X-Rhea_MultiLang_PN_Stream3_V2.800.0000008.0.R.190619.bin,2019-06-19
Upall_IPC-HX5X3X-Rhea.190619.bin,2019-06-19
web-x.squashfs.bin,2019-06-19
DH_XVR5x08-4KL_EngSpnFrn_NP_V3.218.0000002.0.R.171208.bin,2017-12-08
DH_IC-A5501CG20_V1.000.0000.0.R.20180702.56474.bin,2018-07-02
update.bin,2018-07-02
update_A4.bin,2018-07-02
DH_TPC-BF2120_EngSpnFrn_PN_V2.622.0000000.5.R.180319.bin,2018-03-19
DH_iHCVR5X08_SpnEng_NP_V3.200.0001.32.R.20170812.bin,2017-08-17
DH_IC-A3A20CU24_V1.000.0000.0.R.20180919.bin,2018-09-19
DH_IPC-PFW8XXX-Nova_Eng_P_Stream3_V2.460.0000.10.R.20170802.bin,2017-08-02
DH_IPC-HX1XXX-Eos_Eng_P_V2.420.0000.19.R.20160624.bin,2017-03-10
DH_IC-A5031CU815_V1.000.0000.0.R.20180921.bin,2018-09-21
General_SDECXXX-HN-MAIN_MCU_V2.300.0000000.17.R.171219.bin,2017-12-19
General_SD56XXX-HN-MAIN_MCU_V2.300.0000000.4.R.170814.bin,2017-08-14
DH_IPC-HX4X2X-Themis_Eng_P_Stream3_V2.620.0000002.0.R.170830.bin,2017-08-30
DH_IC-A5501CU60_V1.000.0000.0.R.20180921.bin,2018-09-21
General_DVRxx04LF-A_Eng_P_V2.608.0000.6.R.20170312.bin,2017-03-12
DH_DVR5x08_SpnEng_NP_V3.200.0001.28.R.20170802.bin,2017-08-02
DH_IC-A7A20MG9_V1.000.0000.0.R.20180817.60621.bin,2018-08-17
General_PTZ5AXXX-HN-MAIN_MCU_V2.300.0000000.8.R.170829.bin,2017-08-29
1001_update.bin,2018-07-02
1001_update_A4.bin,2018-07-02
DH_IC-A5051CG200_V1.000.0000.0.R.20180702.56474.bin,2018-07-02
DH_XVR5x16_EngSpnFrn_NP_V3.218.0000002.1.R.171229.bin,2017-12-29
DH_DVR5x04_SpnEng_NP_V3.200.0001.28.R.20170802.bin,2017-08-02
General_SDZWXXXX-N-MAIN_MCU_V2.300.0000000.14.R.171117.bin,2017-11-17
DH_IC-A7900CU200_V1.000.0000.0.R.20180920.bin,2018-09-20
1001_web-x.squashfs.bin,2018-11-24
DH_SD-Mao-Rhea_MultiLang_NP_Stream3_IVS_V2.623.0000000.7.R.181124.bin,2018-11-24
PartionTable.bin,2018-11-24
Upall_SD-Mao-Rhea.20181124.bin,2018-11-24
DH_HCVR42xx-S2_SpnEng_NP_V3.200.0004.34.R.20171021.bin,2017-11-13
DH_IC-A7900CU201_V1.000.0000.0.R.20180920.bin,2018-09-20
General_PTZ19XXX-HN-MAIN_MCU_V2.300.0000000.14.R.171117.bin,2017-11-17
DH_NVR4XXX-4K_Eng_P_V3.210.0005.0.R.20160614.bin,2016-06-16
1002_web-x.squashfs.bin,2018-06-28
DH_SD-Mao-Nova_Internal_PN_Stream3_V2.640.0000000.2.R.180628.bin,2018-06-28
DH_SD-Yin-Demeter_Internal_PN_Stream3_Intelligent_V2.640.0000000.5.R.180921.bin,2018-09-21
DH_DVRxx04HD-X(V2.0)_Eng_P_V2.616.0001.13.R.20170802.bin,2017-08-03
DH_IC-A7200MG30_V1.000.0000.0.R.20180831.61836.bin,2018-08-31
1003_web-x.squashfs.bin,2019-07-13
EZIP_IPC-XXBXX-Eris2_EngSpnPrt_P_V2.622.0000000.9.R.190713.bin,2019-07-13
Upall_IPC-XXBXX-Eris2.20190713.bin,2019-07-13
General_TPC-SD59XX-HN_MainAPP_BASE_PTZ_V3.00.2.R.160810.bin,2016-08-10
General_SD6CEXXX-HC-MAIN_MCU_V2.201.0000001.0.R.180612.bin,2018-06-12
DH_IPC-Consumer-Zi-Themis_EngSpn_N_V2.400.0000000.16.R.20170831.bin,2017-08-31
DH_XVR5x04-4M_EngSpnFrn_NP_V3.218.0000002.1.R.171229.bin,2017-12-29
DH_HCVR5104H_Eng_N_V3.200.0001.30.R.20170807.bin,2017-08-07
DH_HCVR5x08-S2_Eng_P_V3.200.0004.13.R.20171021.bin,2017-11-01
DH_iDVR21xx_Eng_P_V3.200.0001.15.R.20171021.bin,2017-10-26
DH_IC-A7300MU90_V1.000.0000.0.R.20180920.bin,2018-09-20
DH_HCVR5108H_Eng_N_V3.200.0001.30.R.20170807.bin,2017-08-07
DH_IC-A5201CU150_V1.000.0000.0.R.20180921.bin,2018-09-21
General_TPC-SD8X20-B_MainAPP_Sony_PTZ_V3.00.11.R.170613.bin,2017-06-13
DH_SD-Wei-Warpway_EngSpnFrn_N_Stream3_V2.623.0000000.5.R.180821.bin,2018-08-21
DH_IPC-HX5(4)XXX_Eng_N_Stream3_IVS_V2.420.0000.12.R.20151021.bin,2015-10-21
General_NVR2x0x_Eng_P_V2.616.0000.0.R.20170925.bin,2017-09-27
DH_NVR1xxx_Eng_P_V3.200.0000.0.R.20170331.bin,2017-03-31
General_HCVR5x16-S2_Eng_PN_V3.200.0004.13.R.20171021.bin,2017-11-01
1002_update.bin,2018-03-13
DH_IC-AB5131MH080_V1.000.00.0.R.20180313.bin,2018-03-13
DH_IC-A5031MU815_V1.000.0000.0.R.20180921.bin,2018-09-21
DH_IPC-PFW8XXX-Nova_EngSpn_N_Stream3_V2.460.0000.10.R.20170802.bin,2017-08-02
DH_IC-A5402MU90_V1.000.0000.0.R.20180427.bin,2018-04-27
DH_HCVR42xx-S2_Eng_P_V3.200.0004.30.R.20151124.bin,2015-11-24
flash.bin,2015-11-24
1001_PartionTable.bin,2019-06-19
1004_web-x.squashfs.bin,2019-06-19
DH_HF8XXX_MCU_V2.622.0000000.7.R..bin,2019-06-19
DH_IPC-HX8XXX-Nova2_EngSpnFrn_PN_Stream3_V2.622.0000000.7.R.190619.bin,2019-06-19
mcu_HF8XXX.bin,2019-06-19
Upall_IPC-HX8XXX-Nova2.190619.bin,2019-06-19
DH_IC-A7040MU000_V1.000.0000.0.R.20180920.bin,2018-09-20
General_PTZ82XXX-NQ-HN-L_MCU_V2.301.0000000.6.R.180526.bin,2018-05-26
DH_iDVR5x16_Eng_P_V3.200.0001.15.R.20171021.bin,2017-10-26
General_DVRxx04LH-X_Eng_P_V2.608.0000.8.R.20170314.bin,2017-06-14
DH_IPC-HX8XXX-Nova2_Eng_P_Stream3_V2.600.0000.3.R.20170830.bin,2017-08-30
DH_IPC-HX1XXX-Eos_EngSpn_N_V2.420.0000.19.R.20160624.bin,2017-03-10
General_iDVR21xx_Eng_N_V3.200.0001.15.R.20171021.bin,2017-10-26
DH_IPC-HX5X3X-Rhea_Eng_P_Stream3_V2.622.0000000.18.R.20171110.bin,2017-11-10
DH_IPC-HX2(1)XXX-Adreia_Eng_N_V2.420.0009.0.R.20151106.bin,2015-11-06
DH_IPC-HX5(4)XXX-Adreia_Eng_N_Stream3_V2.420.0009.0.R.20151106.bin,2015-11-06
General_SDECXXXS-HN-S-MAIN_MCU_V2.300.0000000.14.R.171117.bin,2017-11-17
General_DVRxx04L(H)E-SL(AX)_Eng_P_V2.608.0000.3.R.20170313.bin,2017-06-14
General_DVR0404LF-AS_3104H_Eng_P_V2.608.0000.7.R.20170312.bin,2017-03-12
DH_SD-Chen-Nova_Internal_PN_Stream3_V2.640.0000000.2.R.180628.bin,2018-06-28
DH_IC-A3B00MU000_V1.000.0000.0.R.20180919.bin,2018-09-19
1001_DH_IPC-HEAT_MCU_V2.800.0000008.0.R.190619.bin,2019-06-19
1001_Upall_IPC-HX5X3X-Rhea.190619.bin,2019-06-19
1005_web-x.squashfs.bin,2019-06-19
DH_IPC-HX5X3X-Rhea_MultiLang_NP_Stream3_V2.800.0000008.0.R.190619.bin,2019-06-19
DH_IC-A3200CU120_V1.000.0000.0.R.20180919.bin,2018-09-19
General_DVRxx04LE-AX(DVR310XE)_Eng_P_V2.608.0000.3.R.20170313.bin,2017-06-14
DH_HCVR5108H_Eng_P_V3.200.0001.30.R.20170807.bin,2017-08-07
DH_IC-A7200MU130_V1.000.0000.0.R.20180920.bin,2018-09-20
General_SDZXXXX-N-MAIN_MCU_V2.300.0000000.14.R.171117.bin,2017-11-17
DH_IPC-HX1XXX-Eos3_Eng_P_V2.420.0000.11.R.20170612.bin,2017-06-12
DH_TPC-PT8X20B_Eng_PN_V2.403.0000.0.R.20170810.bin,2017-08-10
DH_IC-A5501MU60_V1.000.0000.0.R.20180921.bin,2018-09-21
DH_IC-A3A20CG8_V1.000.0000.0.R.20180817.60621.bin,2018-08-17
1001_Upall_IPC-XXBXX-Eris2.20190713.bin,2019-07-13
1006_web-x.squashfs.bin,2019-07-13
EZIP_IPC-XXBXX-Eris2_EngSpnPrt_N_V2.622.0000000.9.R.190713.bin,2019-07-13
DH_IPC-HX8XXX-Nova2_Eng_P_Stream3_V2.600.0000.2.R.20170809.bin,2017-08-09
DH_HCVR5x16-S2_SpnEng_NP_V3.200.0004.13.R.20171021.bin,2017-11-01
DH_IC-A3B00CU000_V1.000.0000.0.R.20180919.bin,2018-09-19
General_DVR3204LF-SL_Eng_P_V2.616.0000.6.R.20170808.bin,2017-08-08
DH_DVR5x04_Eng_P_V3.200.0001.28.R.20170802.bin,2017-08-02
DH_IC-A7200CG30_V1.000.0000.0.R.20180817.60649.bin,2018-08-17
DH_DVR5x16_SpnEng_NP_V3.200.0001.28.R.20170802.bin,2017-08-02
DH_IPC-Consumer-Chou-Themis_Eng_P_V2.400.0000000.16.R.20170831.bin,2017-08-31
DH_IC-A7200CU130_V1.000.0000.0.R.20180930.bin,2018-09-30
DH_TPC-XXX-Phoebe_EngSpnFrn_NP_V2.405.0000.0.R.20170921.bin,2017-09-21
1002_update_A4.bin,2018-07-02
1003_update.bin,2018-07-02
DH_IC-A5051MG200_V1.000.0000.0.R.20180702.56474.bin,2018-07-02
DH_IC-A7500CG20_V1.000.0000.0.R.20180817.60649.bin,2018-08-17
DH_IPC-HX4X2X-Themis_EngSpn_N_Stream3_V2.620.0000002.0.R.170830.bin,2017-08-30
DH_IC-A7500MU35_V1.000.0000.0.R.20180920.bin,2018-09-20
DH_XVR5x08-4KL_EngSpnFrn_NP_V3.218.0000002.2.R.180208.bin,2018-02-08
General_SD6CXXX-HN-MAIN_MCU_V2.300.0000000.10.R.170926.bin,2017-09-26
1001_flash.bin,2015-11-24
DH_HCVR42xx-S2_SpnEng_NP_V3.200.0004.30.R.20151124.bin,2015-11-24
General_SD29XXX-GN-MAIN_MCU_V2.200.0000000.9.R.171219.bin,2017-12-19
General_iDVR5x08_Eng_P_V3.200.0001.15.R.20171021.bin,2017-10-26
DH_IC-A7A20CU30_V1.000.0000.0.R.20180920.bin,2018-09-20
General_iDVR5x16_Eng_N_V3.200.0001.15.R.20171021.bin,2017-10-26
DH_SD-Mao-Themis_MultiLang_PN_Stream3_IVS_V2.640.0000000.2.R.180928.bin,2018-09-28
DH_IC-A7040MG000_V1.000.0000.0.R.20180817.60621.bin,2018-08-17
General_SD50XXX-HN-MAIN_MCU_V2.300.0000000.10.R.170926.bin,2017-09-26
DH_HCVR5x04-S2_SpnEng_NP_V3.200.0004.13.R.20171021.bin,2017-11-01
General_DVRxx04LH-X_Eng_N_V2.608.0000.8.R.20170314.bin,2017-06-14
1003_update_A4.bin,2018-07-02
1004_update.bin,2018-07-02
DH_IC-A5501MG20_V1.000.0000.0.R.20180702.56474.bin,2018-07-02
DH_NVR41-W_Eng_P_V3.202.0000.1.R.20170401.bin,2017-04-01
DH_SD-Eos_MultiLang_NP_Stream3_V2.623.0012000.0.R.181218.bin,2018-12-18
DH_IC-A7500MU75_V1.000.0000.0.R.20180920.bin,2018-09-20
1004_update_A4.bin,2018-07-02
1005_update.bin,2018-07-02
DH_IC-A3135MG30_V1.000.0000.0.R.20180702.56474.bin,2018-07-02
1005_update_A4.bin,2018-07-02
1006_update.bin,2018-07-02
DH_IC-A5031CG300_V1.000.0000.0.R.20180702.56474.bin,2018-07-02
DH_DVRxx04HF-X-E(V2.0)_Eng_N_V3.200.0003.4.R.20170816.bin,2017-08-16
General_PTZ82XXX-NQ-HN-MAIN_MCU_V2.300.0000000.20.R.180123.bin,2018-01-23
DH_IC-A7A20CU201_V1.000.0000.0.R.20180920.bin,2018-09-20
General_iDVR5x08_Eng_N_V3.200.0001.15.R.20171021.bin,2017-10-26
General_SD6A8XXX-HN-L_MCU_V2.301.0000000.3.R.180331.bin,2018-03-31
DH_XVR5x08-S2_EngSpnFrn_NP_V3.218.0000002.1.R.171229.bin,2017-12-29
DH_IC-A7A20CG9_V1.000.0000.0.R.20180817.60621.bin,2018-08-17
DH_IC-A7900CG13_V1.000.0000.0.R.20180817.60621.bin,2018-08-17
DH_IC_FPGA-S5600MG00_V1.19.1301.0.R.20180326.bin,2018-03-26
DH_XVR5x08-X_Internal_NP_V4.000.0000001.4.R.180317.bin,2018-03-17
DH_TPC-BF2120_EngSpnFrn_NP_V2.622.0000000.5.R.180319.bin,2018-03-19
DH_IC-A3600MU60_V1.000.0000.0.R.20180919.bin,2018-09-19
DH_IC-A3051MG120-D_V1.000.0000.0.R.20180702.bin,2018-07-02
DH_SD-Eos_MultiLang_PN_Stream3_V2.623.0000000.13.R.181205.bin,2018-12-05
General_DVRxx04L(H)E-SL(AX)_Eng_N_V2.608.0000.3.R.20170313.bin,2017-06-14
DH_IPC-HX8XXX-Nova_Eng_P_Stream3_V2.600.0000.14.R.20170830.bin,2017-08-30
1001_Upall_SD-Mao-Rhea.20181124.bin,2018-11-24
1002_PartionTable.bin,2018-11-24
1007_web-x.squashfs.bin,2018-11-24
DH_SD-Mao-Rhea_MultiLang_PN_Stream3_IVS_V2.623.0000000.7.R.181124.bin,2018-11-24
DH_IC-A3600CG18_V1.000.0000.0.R.20180817.60621.bin,2018-08-17
General_iDVR5x16_Eng_P_V3.200.0001.15.R.20171021.bin,2017-10-26
DH_IC-A3135MU000_V1.000.0000.0.R.20180919.bin,2018-09-19
General_HCVR42xx-S2_Eng_P_V3.200.0004.34.R.20171021.bin,2017-11-13
DH_XVR5x08-4KL_EngSpnFrn_NP_V3.218.0000002.1.R.171229.bin,2017-12-29
General_SD59XXX-HN-MAIN_MCU_V2.300.0000000.10.R.170926.bin,2017-09-26
General_PTZ19XXX-HN_MCU_V2.301.0000000.3.R.180331.bin,2018-03-31
DH_NVR5XXX-4KS2_Eng_V3.215.0000002.0.R.bin,2018-05-25
DH_IC-A7300MG30_V1.000.0000.0.R.20180817.60621.bin,2018-08-17
DH_SD-Wei-Warpway_Eng_P_Stream3_V2.623.0000000.5.R.180821.bin,2018-08-21
DH_IC-A7160MG000_V1.000.0000.0.R.20180817.60621.bin,2018-08-17
DH_IC-A3A20MG8_V1.000.0000.0.R.20180831.61836.bin,2018-08-31
1003_PartionTable.bin,2018-08-14
1008_web-x.squashfs.bin,2018-08-14
DH_IPC-HX8XXX-Eos_EngSpnFrn_PN_Stream3_V2.622.0000000.39.R.180814.bin,2018-08-14
DH_IPC-MCU_V2.622.0000000.39.R.180814.bin,2018-08-14
Upall_IPC-HF8XXX.180814.bin,2018-08-14
wifiMac.bin,2018-08-14
wifiMac_upall.bin,2018-08-14
DH_DVRxx04HD-X(V2.0)_Eng_N_V2.616.0001.13.R.20170802.bin,2017-08-03
DH_TPC-PT8X20M_Eng_NP_V2.403.0000.0.R.20170810.bin,2017-08-10
DH_XVR7x16_EngSpnFrn_NP_V3.218.0000002.1.R.171229.bin,2017-12-29
General_DVRxx04LF-AS_31xxH_Eng_N_V2.608.0000.7.R.20170312.bin,2017-03-12
DH_IPC-HX1XXX-Eos3_EngSpn_N_V2.420.0000.11.R.20170612.bin,2017-06-12
1007_update.bin,2017-12-07
DH_IC-A3200CG50_V1.000.0000.0.R.20171207.41063.bin,2017-12-07
update1.bin,2017-12-07
DH_IPC-HX2(1)XXX-Adreia_Eng_P_V2.420.0009.0.R.20151106.bin,2015-11-06
General_DVRxx04LE-AX(DVR310XE)_Eng_N_V2.608.0000.3.R.20170313.bin,2017-06-14
General_SD6CEXXX-HN-R-MAIN_MCU_V2.400.0000000.10.R.171212.bin,2017-12-12
DH_XVR5x16-4KL_EngSpnFrn_NP_V3.218.0000002.0.R.171208.bin,2017-12-08
1008_update.bin,2017-11-17
DH_IC-L5023MG51_V1.000.0000.0.R.20171117.bin,2017-11-17
DH_IC-A3B00MG000_V1.000.0000.0.R.20180903.61911.bin,2018-09-03
DH_IPC-PSD8XXX-Nova_EngSpnFrn_N_Stream3_V2.460.0000.4.R.20170927.bin,2017-09-27
DH_IPC-PSD8XXX-Nova_FPGA_V2.460.0000.4.R.20170927.bin,2017-09-27
DH_TPC-XXX-Phoebe_EngSpnFrn_PN_V2.405.0000.0.R.20170921.bin,2017-09-21
1001_DH_SD-Mao-Rhea_MultiLang_PN_Stream3_IVS_V2.623.0000000.7.R.181124.bin,2018-11-24
DH_HCVR5x08-S3_EngSpnFrn_NP_V3.218.0000002.1.R.171229.bin,2017-12-29
DH_IC-A5131CU210_V1.000.0000.0.R.20180921.bin,2018-09-21
1009_web-x.squashfs.bin,2019-06-19
DH_IPC-HX8XXX-Wei-Nova2_EngSpnFrn_PN_Stream3_V2.622.0000000.7.R.190619.bin,2019-06-19
Upall_IPC-HX8XXX-Nova2-EMMC.190619.bin,2019-06-19
DH_IPC-HX5(4)XXX-Adreia_Eng_P_Stream3_V2.420.0009.0.R.20151106.bin,2015-11-06
1001_DH_SD-Mao-Nova_Internal_PN_Stream3_V2.640.0000000.2.R.180628.bin,2018-06-28
DH_HCVRxx04HG(P)-X_Eng_N_V3.200.0001.21.R.20170731.bin,2017-07-31
DH_HCVR5x04-S3_EngSpnFrn_NP_V3.218.0000002.1.R.171229.bin,2017-12-29
DH_XVR5x16-X_Internal_NP_V4.000.0000001.4.R.180317.bin,2018-03-17
DH_IPC-Consumer-Chou-Themis_EngSpn_N_V2.400.0000000.16.R.20170831.bin,2017-08-31
DH_IPC-HX1X2X-Themis_Eng_P_V2.620.0000002.0.R.170830.bin,2017-08-30
DH_HCVR5x16-S2_Eng_P_V3.200.0004.13.R.20171021.bin,2017-11-01
DH_XVR5x16-4KL_EngSpnFrn_NP_V3.218.0000002.1.R.171229.bin,2017-12-29
DH_IC-A5A21CG9_V1.000.0000.0.R.20180822.61095.bin,2018-08-22
1001_DH_IPC-PSD8XXX-Nova_FPGA_V2.460.0000.4.R.20170927.bin,2017-09-27
DH_IPC-PSD8XXX-Nova_Eng_P_Stream3_V2.460.0000.4.R.20170927.bin,2017-09-27
1009_update.bin,2017-12-05
DH_IC-A5201MU150_V1.000.0000.0.R.20171205.bin,2017-12-05
img.bin,2017-12-05
DH_NVR41HS-W_Eng_P_V3.215.0000000.0.R.171226.bin,2017-12-26
1006_update_A4.bin,2018-07-02
1010_update.bin,2018-07-02
DH_IC-A5201MG50_V1.000.0000.0.R.20180702.56474.bin,2018-07-02
1007_update_A4.bin,2018-07-02
1011_update.bin,2018-07-02
DH_IC-A5201CG50_V1.000.0000.0.R.20180702.56474.bin,2018-07-02
DH_IC-S5MG00_V1.001.00.0.R.20180326-2450.bin,2018-03-26
DH_XVR7x16-X_Internal_NP_V4.000.0000001.4.R.180317.bin,2018-03-17
DH_iDVR5x08_SpnEng_NP_V3.200.0001.15.R.20171021.bin,2017-10-26
DH_HCVR5x16-S3_EngSpnFrn_NP_V3.218.0000002.1.R.171229.bin,2017-12-29
DH_NVR4XXX-4KS2_MultiLang_V3.216.0000003.0.R.190521.bin,2019-05-21
1004_PartionTable.bin,2018-06-27
1010_web-x.squashfs.bin,2018-06-27
custom-x.squashfs.bin,2018-06-27
dhboot-x.squashfs.bin,2018-06-27
DH_SD-Eos_Eng_P_Stream3_V2.623.0000000.1.R.180627.bin,2018-06-27
pd-x.squashfs.bin,2018-06-27
upall.bin,2018-06-27
Upall_SD-Eos.20180627.bin,2018-06-27
DH_IC-A7040CU000_V1.000.0000.0.R.20180920.bin,2018-09-20
General_TPC-PT8X20A-HN_MainAPP_ChnEng_Sony_PTZ_V1.00.3.R.170527.bin,2017-05-27
DH_IC-A3A04MG10_V1.000.0000.0.R.20180718.57996.bin,2018-07-18
1001_update1.bin,2017-08-31
1012_update.bin,2017-08-31
DH_IC-A5131CG75_V1.000.0000.0.R.20170831.33715.bin,2017-08-31
DH_iHCVR5X08_Eng_P_V3.200.0001.32.R.20170812.bin,2017-08-17
DH_iHCVR5X04_Eng_P_V3.200.0001.32.R.20170812.bin,2017-08-17
DH_DVR21xx_Eng_P_V3.200.0001.28.R.20170803.bin,2017-08-04
DH_IC-A7300CU90_V1.000.0000.0.R.20180920.bin,2018-09-20
1013_update.bin,2017-11-17
DH_IC-L5043MG26_V1.000.0000.0.R.20171117.bin,2017-11-17
DH_IC-A7500MG20_V1.000.0000.0.R.20180817.60621.bin,2018-08-17
DH_HCVR5x08-S2_SpnEng_NP_V3.200.0004.13.R.20171021.bin,2017-11-01
DH_IC-A5201MU150_V1.000.0000.0.R.20180921.bin,2018-09-21
DH_iDVR5x16_SpnEng_NP_V3.200.0001.15.R.20171021.bin,2017-10-26
DH_HCVR5104H_Eng_P_V3.200.0001.30.R.20170807.bin,2017-08-07
DH_HCVR7xxx(V2.0)_Eng_P_V3.210.0001.1.R.20170922.bin,2017-09-22
DH_HCVR7xxx(V2.0)_SpnEng_NP_V3.210.0001.1.R.20170922.bin,2017-09-22
DH_HCVR42xx-S2_Eng_P_V3.200.0004.34.R.20171021.bin,2017-11-13
General_DVR3204HF-AL_Eng_P_V2.616.0000.10.R.20170808.bin,2017-08-08
DH_XVR5x08_EngSpnFrn_NP_V3.218.0000002.1.R.171229.bin,2017-12-29
1008_update_A4.bin,2018-07-02
1014_update.bin,2018-07-02
DH_IC-A5131CG75_V1.000.0000.0.R.20180702.56474.bin,2018-07-02
DH_IC-A3504MG100_V1.000.0000.0.R.20180727.58895.bin,2018-07-27
DH_SD-Chen-Nova_MultiLang_NP_Stream3_V2.640.0000000.6.R.181011.bin,2018-10-11
General_DVR3204HF-AL_Eng_N_V2.616.0000.10.R.20170808.bin,2017-08-08
1002_flash.bin,2018-10-15
1005_PartionTable.bin,2018-10-15
DH_NVR2XXX-4KS2_MultiLang_V3.216.0000000.0.R.180705.bin,2018-10-15
DH_IC-A3A04MU15_V1.000.0000.0.R.20180427.bin,2018-04-27
DH_iDVR21xx_SpnEng_NP_V3.200.0001.15.R.20171021.bin,2017-10-26
1003_flash.bin,2017-11-22
DH_NVR7xxx_Eng_P_V3.200.0000.1.R.20171122.bin,2017-11-22
DH_IPC-HX5X2X-Themis_Eng_P_Stream3_V2.620.0000002.0.R.170830.bin,2017-08-30
DH_IC-A7040CG000_V1.000.0000.0.R.20180817.60621.bin,2018-08-17
DH_NVR5XXX-4KS2_MultiLang_V3.216.0000006.0.R.20190223.bin,2019-02-23
DH_IC-A7300CG30_V1.000.0000.0.R.20180817.60621.bin,2018-08-17
DH_HCVR7x04-4K_EngSpnFrn_NP_V3.218.0000002.1.R.171229.bin,2017-12-29
DH_XVR5x04_EngSpnFrn_NP_V3.218.0000002.1.R.171229.bin,2017-12-29
DH_SD-Eos_MultiLang_PN_Stream3_V2.623.0012000.0.R.181218.bin,2018-12-18
DH_IC-A3200MG004_V1.000.0000.0.R.20181022.65304.bin,2018-10-22
DH_DVRxx04HF-X_Eng_N_V3.200.0000.0.R.20170803.bin,2017-08-08
DH_NVR11xxHS_Eng_V3.215.0000000.0.R.171013.bin,2017-10-13
DH_IPC-HX8XXX-Nova2_EngSpn_N_Stream3_V2.600.0000.2.R.20170809.bin,2017-08-09
DH_IC_FPGA-S5051MG00_V1.19.16000.0.R.20171129.bin,2017-11-30
General_SD6A8XXX-HN-L-MAIN_MCU_V2.300.0000000.4.R.170814.bin,2017-08-14
DH_IC-A5A21MG9_V1.000.0000.0.R.20180822.61095.bin,2018-08-22
DH_IC-AX7B96MG060_V1.000.0000.0.R.20180830.61798.bin,2018-08-30
1011_web-x.squashfs.bin,2019-06-19
DH_IPC-HX2X3X-Rhea_MultiLang_PN_Stream2_V2.800.0000008.0.R.190619.bin,2019-06-19
Upall_IPC-HX2X3X-Rhea.190619.bin,2019-06-19
DH_IC-A5131MU210_V1.000.0000.0.R.20180821.bin,2018-08-21
DH_HCVR7x16-S3_EngSpnFrn_NP_V3.218.0000002.1.R.171229.bin,2017-12-29
General_SD6A9XXX-HN_MCU_V2.301.0000000.3.R.180331.bin,2018-03-31
DH_IC-A7A20MU201_V1.000.0000.0.R.20180920.bin,2018-09-20
DH_IC-A3504CG100_V1.000.0000.0.R.20180727.58895.bin,2018-07-27
General_SD6A8XXX-HN-MAIN_MCU_V2.300.0000000.4.R.170814.bin,2017-08-14
DH_IPC-HX5X2X-Themis_EngSpn_N_Stream3_V2.620.0000002.0.R.170830.bin,2017-08-30
DH_SD-Chen-Nova_EngSpnFrn_N_Stream3_V2.600.0000.4.R.20170808.bin,2017-08-08
DH_XVR5x16-S2_EngSpnFrn_NP_V3.218.0000002.1.R.171229.bin,2017-12-29
DH_IC-A5B51MG4_V1.000.0000.0.R.20180810.60150.bin,2018-08-10
DH_IC-A5B51CG4_V1.000.0000.0.R.20180810.60150.bin,2018-08-10
DH_IC-A7500CU35_V1.000.0000.0.R.20180920.bin,2018-09-20
DH_IC-A5402CU90_V1.000.0000.0.R.20180427.bin,2018-04-27
DH_NVR4xxx_Eng_P_V3.203.0000.0.R.20170612.bin,2017-06-12
DH_HCVR5x04-S2_Eng_P_V3.200.0004.13.R.20171021.bin,2017-11-01
1001_Upall_IPC-HX2X3X-Rhea.190619.bin,2019-06-19
1012_web-x.squashfs.bin,2019-06-19
DH_IPC-HX2X3X-Rhea_MultiLang_NP_Stream2_V2.800.0000008.0.R.190619.bin,2019-06-19
DH_IC-A5131MG75-D_V1.000.0000.0.R.20180702.bin,2018-07-02
DH_IPC-HX5(4)XXX_Eng_P_Stream3_IVS_V2.420.0000.12.R.20151021.bin,2015-10-21
DH_IC-A7A20MU30_V1.000.0000.0.R.20180920.bin,2018-09-20
DH_SD-Chen-Nova_MultiLang_PN_Stream3_V2.640.0000000.6.R.181011.bin,2018-10-11
DH_IC-A3B00CG000_V1.000.0000.0.R.20180817.60621.bin,2018-08-17
DH_TPC-PT8X20B_Eng_NP_V2.403.0000.0.R.20170810.bin,2017-08-10
DH_IC-A7160CG000_V1.000.0000.0.R.20180817.60621.bin,2018-08-17
DH_IC-A3A20MU24_V1.000.0000.0.R.20180919.bin,2018-09-19
General_SD6A9XXX-HN-MAIN_MCU_V2.300.0000000.4.R.170814.bin,2017-08-14
DH_IC-A7900MU200_V1.000.0000.0.R.20180920.bin,2018-09-20
1009_update_A4.bin,2018-07-02
1015_update.bin,2018-07-02
DH_IC-A3051CG120_V1.000.0000.0.R.20180702.56474.bin,2018-07-02
General_SD9AXXX-HN_MCU_V2.301.0000000.3.R.180331.bin,2018-03-31
DH_IC-A3200CG50_V1.000.0000.0.R.20180717.57650.bin,2018-07-17
DH_IC-A5051CU545_V1.000.0000.0.R.20180921.bin,2018-09-21
General_NVR3xxx_Eng_P_V2.616.0000.0.R.20170925.bin,2014-01-10
DH_iDVR5x08_Eng_P_V3.200.0001.15.R.20171021.bin,2017-10-26
DH_IC-A3135CU000_V1.000.0000.0.R.20180919.bin,2018-09-19
1001_DH_HF8XXX_MCU_V2.622.0000000.7.R..bin,2019-06-19
1001_mcu_HF8XXX.bin,2019-06-19
1001_Upall_IPC-HX8XXX-Nova2.190619.bin,2019-06-19
1006_PartionTable.bin,2019-06-19
1013_web-x.squashfs.bin,2019-06-19
DH_IPC-HX8XXX-Nova2_EngSpnFrn_NP_Stream3_V2.622.0000000.7.R.190619.bin,2019-06-19
DH_IPC-HX8XXX-Nova2_EngSpn_N_Stream3_V2.600.0000.3.R.20170830.bin,2017-08-30
1001_DH_SD-Mao-Rhea_MultiLang_NP_Stream3_IVS_V2.623.0000000.7.R.181124.bin,2018-11-24
General_DVRxx04LF-AS_31xxH_Eng_P_V2.608.0000.7.R.20170312.bin,2017-03-12
1004_flash.bin,2017-12-19
General_DVR3204LF-SL_Eng_N_V2.616.0000.6.R.20170808.bin,2017-08-08
General_DVRxx04LF-A_Eng_N_V2.608.0000.6.R.20170312.bin,2017-03-12
1016_update.bin,2018-05-16
DH_IC-AB3600MH080_V1.000.00.0.R.20180516.bin,2018-05-16
DH_IPC-HX5X3X-Rhea_EngSpnFrn_N_Stream3_V2.622.0000000.18.R.20171110.bin,2017-11-10
General_PTZ818X-HNI-L8Q_MCU_V2.201.0000000.0.R.180420.bin,2018-04-20
DH_TPC-PT8X20M_Eng_PN_V2.403.0000.0.R.20170810.bin,2017-08-10
1001_Upall_IPC-HX8XXX-Nova2-EMMC.190619.bin,2019-06-19
1014_web-x.squashfs.bin,2019-06-19
DH_IPC-HX8XXX-Wei-Nova2_EngSpnFrn_NP_Stream3_V2.622.0000000.7.R.190619.bin,2019-06-19
General_HCVR42xx-S2_Eng_N_V3.200.0004.34.R.20171021.bin,2017-11-13
General_HCVR5x04-S2_Eng_PN_V3.200.0004.13.R.20171021.bin,2017-11-01
DH_SD-Eos_MultiLang_NP_Stream3_V2.623.0000000.13.R.181205.bin,2018-12-05
General_NVR2x16_Eng_P_V2.616.0000.0.R.20170925.bin,2014-01-10
DH_DVRxx04HF-X_Eng_P_V3.200.0000.0.R.20170803.bin,2017-08-08
DH_IC-A3600CU60_V1.000.0000.0.R.20180919.bin,2018-09-19
DH_IPC-HX1X2X-Themis_EngSpn_N_V2.620.0000002.0.R.170830.bin,2017-08-30
DH_HCVR8xxx_EngSpnFrn_NP_V3.218.0000.0.R.20170613.bin,2017-06-13
DH_DVR21xx_SpnEng_NP_V3.200.0001.28.R.20170803.bin,2017-08-04
DH_SD-Yin-Demeter_Internal_NP_Stream3_Intelligent_V2.640.0000000.5.R.180921.bin,2018-09-21
DH_IC-A7900MG13_V1.000.0000.0.R.20180817.60621.bin,2018-08-17
General_iDVR21xx_Eng_P_V3.200.0001.15.R.20171021.bin,2017-10-26
1001_DH_NVR2XXX-4KS2_MultiLang_V3.216.0000000.0.R.180705.bin,2018-10-15
DH_IPC-Consumer-Zi-Themis_Eng_P_V2.400.0000000.16.R.20170831.bin,2017-08-31
DH_iHCVR5X04_SpnEng_NP_V3.200.0001.32.R.20170812.bin,2017-08-17
DH_NVR5xxx_Eng_P_V2.616.0000.0.R.20171102.bin,2017-11-07
DH_IPC-HX5X3X-Rhea_Eng_PN_Stream3_V2.640.0000000.2.R.180524.bin,2018-05-24
DH_SD-Mao-Themis_MultiLang_NP_Stream3_IVS_V2.640.0000000.2.R.180928.bin,2018-09-28
1001_DH_NVR5XXX-4KS2_MultiLang_V3.216.0000006.0.R.20190223.bin,2019-02-23
1005_flash.bin,2019-02-23
1007_PartionTable.bin,2019-02-23
DH_IC-A7500CU75_V1.000.0000.0.R.20180920.bin,2018-09-20
1010_update_A4.bin,2018-07-02
1017_update.bin,2018-07-02
DH_IC-A3051MG120_V1.000.0000.0.R.20180702.56474.bin,2018-07-02
1018_update.bin,2017-11-17
DH_IC-L5023CG49_V1.000.0000.0.R.20171117.bin,2017-11-17
DH_IC-A7900MU201_V1.000.0000.0.R.20180920.bin,2018-09-20
DH_IC_FPGA-S5201MG00_V1.19.16000.0.R.20171129.bin,2017-11-30
DH_HCVRxx04HG(P)-X_Eng_P_V3.200.0001.21.R.20170731.bin,2017-07-31
1011_update_A4.bin,2018-07-02
1019_update.bin,2018-07-02
DH_IC-A3135CG30_V1.000.0000.0.R.20180702.56474.bin,2018-07-02
DH_DVR5x16_Eng_P_V3.200.0001.28.R.20170802.bin,2017-08-02
General_SD49XXXS-HN_MainAPP_Sony_PTZ_V3.02.93.R.170518.bin,2017-05-18
DH_DVRxx04HF-X-E(V2.0)_Eng_P_V3.200.0003.4.R.20170816.bin,2017-08-16
DH_DVR5x08_Eng_P_V3.200.0001.28.R.20170802.bin,2017-08-02
1012_update_A4.bin,2018-07-02
1020_update.bin,2018-07-02
DH_IC-A5131MG75_V1.000.0000.0.R.20180702.56493.bin,2018-07-02
1001_DH_NVR4XXX-4KS2_MultiLang_V3.216.0000003.0.R.190521.bin,2019-05-21
1006_flash.bin,2019-05-21
1008_PartionTable.bin,2019-05-21
1001_custom-x.squashfs.bin,2018-06-27
1001_dhboot-x.squashfs.bin,2018-06-27
1001_pd-x.squashfs.bin,2018-06-27
1001_upall.bin,2018-06-27
1001_Upall_SD-Eos.20180627.bin,2018-06-27
1009_PartionTable.bin,2018-06-27
1015_web-x.squashfs.bin,2018-06-27
DH_SD-Eos_EngSpnFrn_N_Stream3_V2.623.0000000.1.R.180627.bin,2018-06-27
DH_XVR5x16-4KL_EngSpnFrn_NP_V3.218.0000002.2.R.180208.bin,2018-02-08
DH_IC-A3600MG18_V1.000.0000.0.R.20180817.60621.bin,2018-08-17
1013_update_A4.bin,2018-07-02
1021_update.bin,2018-07-02
DH_IC-A5031MG300_V1.000.0000.0.R.20180702.56474.bin,2018-07-02
General_SD60XXX-HN-MAIN_MCU_V2.300.0000000.4.R.170814.bin,2017-08-14
DH_NVR2X-S2_Eng_P_V3.205.0000000.0.R.171013.bin,2017-10-13
General_DVR0404LF-AS_3104H_Eng_N_V2.608.0000.7.R.20170312.bin,2017-03-12
1022_update.bin,2017-11-17
DH_IC-L5043CG26_V1.000.0000.0.R.20171117.bin,2017-11-17
