Step1_FosIPC_A_sys_ver1.4.1.10.bin,2014-12-19
Step2_FosIPC_A_app_ver2.x.1.119.bin,2015-03-16
FI9831W_app_ver1.11.0.40_OneToAll.bin,2014-02-13
FosIPC_A_app_ver2.11.1.6.bin,2014-02-13
FosIPC_F_app_ver2.x.1.73.bin,2019-04-09
FosIPC_F_sys_ver1.11.1.13.bin,2018-08-14
FosIPC_E_app_ver2.x.2.49.bin,2018-08-14
FosIPC_E_sys_ver1.9.3.16.bin,2018-04-11
FOSIPC_C_patch_ver2.x.1.53_1_20180705_160021.bin,2018-07-05
FosIPC_A_app_ver2.x.1.10.bin,2014-05-15
FosIPC_G_app_ver2.x.2.35.bin,2018-09-17
FosIPC_J_app_ver2.x.2.31_316DM.bin,2019-04-16
FosIPC_A_app_ver2.x.2.8.bin,2014-04-10
FosIPC_A_sys_ver1.4.1.9.bin,2014-04-10
FI9804W-app-ver1.14.0.26.bin,2013-11-21
FI9804W-app-ver1.14.1.20.bin,2013-09-17
HI3518A_ddr256M_sys_ver1.4.1.7.bin,2013-09-16
FOSIPC_A_patch_ver2.x.1.120_4_20181030_165138.bin,2018-10-30
1001_step1_FosIPC_A_sys_ver1.4.1.10.bin,2014-12-19
step2_FosIPC_A_app_ver2.x.1.118.bin,2014-12-19
FosIPC_B_patch_ver2.x.2.31_2_20181026_114638.bin,2018-10-27
FOSIPC_A_patch_ver2.x.1.133_2_20181203_163401.bin,2018-12-04
FOSIPC_A_patch_ver2.x.1.120_3_20180718_151521.bin,2018-07-18
FosIPC_A_app_ver2.x.1.120.bin,2017-07-05
1001_FosIPC_A_app_ver2.x.2.8.bin,2014-04-16
1001_FosIPC_A_sys_ver1.4.1.9.bin,2014-04-16
1001_FosIPC_J_app_ver2.x.2.31_316DM.bin,2019-04-16
FosIPC_B_app_ver2.x.2.31.bin,2017-06-14
FosIPC_J_app_ver2.x.2.36_0606.bin,2019-06-06
FI9828W_app_ver1.13.0.40_OneToAll.bin,2014-01-21
FosIPC_A_app_ver2.x.1.5.bin,2014-01-21
FOSIPC_A_patch_ver2.x.1.120_1_20180318_201825.bin,2018-03-19
FI9821A_app_ver1.11.0.40_OneToAll.bin,2013-11-22
FosIPC_A_app_ver2.x.1.6.bin,2014-01-22
FI9821A-app-ver1.11.0.26.bin,2013-11-13
FI9821A_app_ver1.11.1.18.bin,2013-10-09
HI3518A_ddr256M_sys_ver1.4.1.8.bin,2013-09-23
FosIPC_E_app_ver2.x.2.50.bin,2018-09-27
FosIPC_E_sys_ver1.9.3.18.bin,2018-12-10
1002_FosIPC_A_app_ver2.x.2.8.bin,2014-04-08
1002_FosIPC_A_sys_ver1.4.1.9.bin,2014-04-08
FosIPC_F_patch_ver2.x.1.59_1_20180508_140746.bin,2018-05-08
1003_FosIPC_A_app_ver2.x.2.8.bin,2014-04-14
1003_FosIPC_A_sys_ver1.4.1.9.bin,2014-04-14
1001_HI3518A_ddr256M_sys_ver1.4.1.8.bin,2013-09-22
FI9826W_app_ver1.11.0.26.bin,2013-11-28
FI9826W_app_ver1.11.1.21.bin,2013-11-25
1004_FosIPC_A_app_ver2.x.2.8.bin,2014-04-11
1004_FosIPC_A_sys_ver1.4.1.9.bin,2014-04-11
FI9821A_app_ver1.11.1.16.bin,2013-08-16
1001_FosIPC_A_app_ver2.x.1.120.bin,2017-07-05
FosIPC_E_patch_ver2.x.2.47_1_20180503_143231.bin,2018-05-03
FosIPC_B_patch_ver2.x.2.31_1_20180509_173603.bin,2018-05-09
1001_FosIPC_A_app_ver2.11.1.6.bin,2014-02-12
FI9821P_app_ver1.11.0.40_OneToAll.bin,2014-02-12
1001_HI3518A_ddr256M_sys_ver1.4.1.7.bin,2013-09-17
FI9805W_app_ver1.14.0.26.bin,2013-11-13
FI9805W_app_ver1.14.1.21.bin,2013-09-17
1005_FosIPC_A_app_ver2.x.2.8.bin,2014-04-15
1005_FosIPC_A_sys_ver1.4.1.9.bin,2014-04-15
FI9818A_app_ver1.13.1.18.bin,2013-09-14
FOSIPC_A_patch_ver2.x.1.133_1_20180518_133507.bin,2018-05-18
Amba_patch_ver2.x.1.73_1_20190506_171029.bin,2019-05-07
FI9828P V2_app_2.x.1.133.bin,2017-08-04
1001_FosIPC_J_app_ver2.x.2.36_0606.bin,2019-06-06
1001_FosIPC_A_app_ver2.x.1.5.bin,2014-02-11
FI9805W_app_ver1.14.0.40_OneToAll.bin,2014-02-11
HI3518A_ddr256M_sys_onvif_ver1.4.1.8.bin,2014-02-11
1002_HI3518A_ddr256M_sys_ver1.4.1.8.bin,2013-09-23
FI9818A_app_ver1.13.0.26.bin,2013-11-21
FI9818A_app_ver1.13.1.21.bin,2013-11-07
FosIPC_F_app_ver2.x.1.59.bin,2018-04-20
FosIPC_F_sys_ver1.11.1.11.bin,2018-03-17
1006_FosIPC_A_app_ver2.x.2.8.bin,2014-04-10
1006_FosIPC_A_sys_ver1.4.1.9.bin,2014-04-10
1001_FosIPC_F_app_ver2.x.1.73.bin,2019-04-09
1001_FosIPC_F_sys_ver1.11.1.13.bin,2018-08-14
1007_FosIPC_A_app_ver2.x.2.8.bin,2014-04-09
1007_FosIPC_A_sys_ver1.4.1.9.bin,2014-04-09
1001_FosIPC_A_app_ver2.x.1.6.bin,2014-02-21
FI9818A_app_ver1.13.0.40_OneToAll.bin,2014-02-21
FI9831W_app_ver1.11.1.12.bin,2013-09-14
1001_FosIPC_B_patch_ver2.x.2.31_1_20180509_173603.bin,2018-05-09
1003_HI3518A_ddr256M_sys_ver1.4.1.8.bin,2013-12-23
FI9831W_app_ver1.11.0.26.bin,2013-11-19
FI9831W_app_ver1.11.1.14.bin,2013-11-20
1004_HI3518A_ddr256M_sys_ver1.4.1.8.bin,2014-01-02
FI9821P_app_ver1.11.0.26.bin,2014-01-02
FI9821P_app_ver1.11.1.21.bin,2014-01-02
1002_FosIPC_A_app_ver2.x.1.5.bin,2014-01-16
FI9805E_app_ver1.14.0.40_OneToAll.bin,2013-11-22
FI9818W_app_ver1.3.1.13.bin,2013-08-08
FI9821W_app_ver1.1.1.14.bin,2014-01-20
1003_FosIPC_A_app_ver2.x.1.5.bin,2014-01-20
FI9826W_app_ver1.11.0.40_OneToAll.bin,2014-01-20
FI9821P_app_ver1.11.1.19.bin,2013-09-14
FosIPC_C_app_ver2.x.1.53.bin,2017-09-09
1001_FosIPC_E_sys_ver1.9.3.16.bin,2018-04-11
FosIPC_E_app_ver2.x.2.47.bin,2018-03-20
1001_FosIPC_B_app_ver2.x.2.31.bin,2017-06-14
Step1_FosIPCAll_B_sys_ver1.5.3.13.bin,2015-09-11
Step2_FosIPC_B_app_ver2.x.2.18.bin,2015-09-11
1008_FosIPC_A_app_ver2.x.2.8.bin,2014-04-10
1008_FosIPC_A_sys_ver1.4.1.9.bin,2014-04-10
1001_FOSIPC_A_patch_ver2.x.1.120_1_20180318_201825.bin,2018-03-19
1005_HI3518A_ddr256M_sys_ver1.4.1.8.bin,2013-09-23
FI9805E_app_ver1.14.0.26.bin,2013-11-21
FI9805E_app_ver1.14.1.18.bin,2013-10-09
1009_FosIPC_A_app_ver2.x.2.8.bin,2014-04-14
1009_FosIPC_A_sys_ver1.4.1.9.bin,2014-04-14
1001_HI3518A_ddr256M_sys_onvif_ver1.4.1.8.bin,2013-12-03
FI9804W_app_ver1.14.0.40_OneToAll.bin,2013-12-03
FosIPC_A_app_ver2.x.1.3.bin,2013-12-19
