miwifi_all_bd6da_0.6.28.bin,2020-02-01
miwifi_r1cm_all_02508_0.7.15.bin,2020-02-01
miwifi_r1cm_all_0e3da_0.4.85.bin,2020-02-01
miwifi_r1cm_all_34718_0.6.83.bin,2020-02-01
miwifi_r1cm_all_3863b_0.5.44.bin,2020-02-01
miwifi_r1cm_all_43243_0.4.20.bin,2020-02-01
miwifi_r1cm_all_46ed1_0.4.36.bin,2020-02-01
miwifi_r1cm_all_7ab71_0.3.69.bin,2020-02-01
miwifi_r1cm_all_7de48_0.3.59.bin,2020-02-01
miwifi_r1cm_all_9649d_0.4.68.bin,2020-02-01
miwifi_r1cm_all_ace8a_0.6.40.bin,2020-02-01
miwifi_r1cm_all_b47ae_0.5.78.bin,2020-02-01
miwifi_r1cm_all_cc515_0.5.8.bin,2020-02-01
miwifi_r1cm_all_f6b6e_0.5.30.bin,2020-02-01
miwifi_r1cm_firmware_02aea_0.7.50.bin,2020-02-01
miwifi_r1cm_firmware_047a3_2.1.6.bin,2020-02-01
miwifi_r1cm_firmware_426e6_0.8.11.bin,2020-02-01
miwifi_r1cm_firmware_77398_0.5.16.bin,2020-02-01
miwifi_r1cm_firmware_77f56_0.4.96.bin,2020-02-01
miwifi_r1cm_firmware_c3007_0.7.96.bin,2020-02-01
miwifi_r1cm_firmware_c30bf_0.7.20.bin,2020-02-01
