TL-AP456GI-PoE薄款 V2.0.bin,2018-04-26
TL-AC500 V2.0.bin,2018-03-20
TL-AC200 V3.0.bin,2018-03-20
TL-AP1308GI-PoE V2.0.bin,2018-08-31
TL-AP1300I-PoE V3.0.bin,2018-04-23
TL-AP1300C-PoEv1_cn_1.0.2_[20170116-rel74248]_up_signed.bin,2017-01-16
TL-AP1200C-PoEv1_cn_1.0.7_[20161010-rel59402]_up_signed.bin,2016-10-10
TL-AC10000 V2.0.bin,2018-03-20
TL-AP301P V3.0.bin,2018-08-21
TL-AP300Pv2_cn_1.0.0_[20161215-rel58384]_up_signed.bin,2016-12-15
TL-AC1000 V2.0.bin,2018-03-20
TL-AP1750C-PoE DC V2.0.bin,2018-05-19
TL-AC300 V1.0.bin,2018-03-20
TL-AP1300I-PoEv1_cn_1.0.2_[20170116-rel72148]_up_signed.bin,2017-01-16
nvr5108v2.bin,2018-02-09
TL-AP450I-DC-THIN_V4.0_1.0.2_Build_20190819_Rel.38658.bin,2019-08-19
TL-AP453C-PoEv1.bin,2017-11-22
TL-AP1202GI-PoE_V2.0_2.0.2_Build_20190524_Rel.57014.bin,2019-05-24
TL-AP302C-PoE_V4.0_1.1.2_Build_20190409_Rel.43764.bin,2019-04-09
TL-AP303I-PoE-THIN_v3_cn_cloud_1.0.6_[20180911-rel39309]_up_signed.bin,2018-09-11
nvr5108kv1.bin,2018-02-09
TL-AP1208C-PoE_DC_V2.0_1.0.3_Build_20190109_Rel.38660.bin,2019-01-09
TL-AP302I-PoE V2.0.bin,2017-09-28
TL-CPE230 V1.0.bin,2017-11-02
nvr5216v1.bin,2018-01-12
TL-AP1200I-PoEv1.bin,2017-12-04
TL-AP300I-PoE gold V4.0.bin,2017-09-28
TL-AP302I-DCv3_cn_1.0.0_[20180831-rel56495]_up_signed.bin,2018-08-31
pa500wv1.bin,2017-09-08
TL-AP1201Cv1_cn_1.0.4_[20180827-rel62990]_up_signed.bin,2018-08-27
TL-NVR6104S-W20 V1.0.bin,2018-08-24
TL-AP300Pv3_1.1.1_Build_20180821_Rel.37711_up_signed.bin,2018-08-21
TL-AP1202C-PoEv1_cn_1.0.4_[20180827-rel61358]_up_signed.bin,2018-08-27
TL-AP1200GI-PoE_V3.0_1.0.2_Build_20190122_Rel.64332.bin,2019-01-22
TL-AP450I-PoEv1.bin,2017-11-21
nvr6208v1.bin,2017-11-06
TL-AP1200GPv2.bin,2018-08-21
TL-NVR6102C-4P_V1.0_1.0.4_Build_190621_Rel.47801n.bin,2019-06-21
nvr6216v2.bin,2017-11-06
TL-HDAP1800GC-PoE_DC_V2.0_1.0.2_Build_20181019_Rel.37564.bin,2018-10-19
TL-AP900I-PoE V1.0.bin,2017-09-25
TL-AP450C-PoEv3.bin,2017-11-22
TL-AP451Cv3.bin,2017-11-21
TL-AP1308GI-PoEv1.bin,2017-11-15
TL-AP1202I-PoE-GOLD_v1.bin,2018-08-20
TL-AP302I-PoE_V3.0_1.0.10_Build_20181212_Rel.52134.bin,2018-12-12
TL-CPE200 V1.0.bin,2018-01-28
TL-AP300S-PoE_V2.0_1.0.6_Build_20181120_Rel58507.bin,2018-11-20
TL-AP302C-PoE V3.0.bin,2017-07-18
TL-AP300I-PoE薄款_V5.0_1.0.9_Build_20181211_Rel.51417.bin,2018-12-11
TL-CPE541固定端&TL-CPE541轿厢端套装_V2.0_2.0.1_Build_20181114_Rel.41478n.bin,2018-11-14
TL-NVR6216S V1.0.bin,2018-05-22
TL-AP306I-PoE_gold_V2.0_1.0.5_Build_20181120_Rel.63947.bin,2018-11-20
TL-AP300I-DC v2.0.bin,2017-09-28
TL-AP1200I-PoE_V3.0_1.0.1_Build_20181219_Rel.63700.bin,2018-12-19
TL-AP450I-PoE-THIN_V4.0_1.0.2_Build_20190819_Rel.41433.bin,2019-08-19
TL-AP1205GI-PoE_V1.0_1.0.2_Build_20190122_Rel.63677.bin,2019-01-22
TL-AP901Cv1.bin,2017-10-11
TL-HDAP3500C-PoE&DC V1.0.bin,2017-12-29
nvr6108kv1.bin,2017-09-27
TL-NVR6104C_V1.0_1.0.8_Build_190627_Rel.42727n.bin,2019-06-27
nvr6108pev1.bin,2017-11-22
TL-AP306I-PoE V2.0.bin,2018-09-10
nvr5208v1.bin,2017-12-12
TL-AP450I-PoE_V4.0_1.0.4_Build_20190813_Rel.34320.bin,2019-08-20
TL-HDAP1800C-PoEv1.bin,2016-11-03
cpe530 V1.0.bin,2017-09-26
TL-AP1203I-PoEv2_cloud_1.0.2_Build_20180829_Rel.43017_up_signed.bin,2018-08-29
TL-AP302I-PoEv3_cn_cloud_1.0.8_[20180918-rel63804]_up_signed.bin,2018-09-18
TL-AP452C-PoEv3.bin,2017-11-21
nvr5116v1.bin,2017-09-06
TL-AP450I-PoE-THIN_V3.0_1.0.6_Build_20190819_Rel.43769.bin,2019-08-19
nvr5104kv2.bin,2018-02-08
TL-AP300C-PoE V4.0.bin,2017-07-15
TL-AP1200I-PoE_V3.0_1.0.2_Build_20190122_Rel.74057.bin,2019-01-22
nvr5104v2.bin,2018-02-09
TL-IPC303-X V2.0.bin,2018-06-14
TL-NVR6100K_V2.0_1.0.10_Build_190621_Rel.43396n.bin,2019-06-21
TL-AP1201GPv2.bin,2018-08-21
TL-AP300I-PoEv3.bin,2017-11-15
TL-AP1908GC-PoE_DC_V1.0_1.0.1_Build_20190725_Rel.58409.bin,2019-07-25
nvr6104kv1.0.bin,2017-10-17
TL-AP900C-PoEv1.bin,2017-10-10
nvr5104kv1.bin,2017-12-06
TL-AP902C-PoE V1.0.bin,2017-10-11
wa933rev1.bin,2016-12-01
TL-H69ES V1.0.bin,2017-03-09
TL-H69R V1.0.bin,2017-03-09
TL-AP456GI-PoE-THIN_V2.0_1.0.2_Build_20190819_Rel.42784.bin,2019-08-19
TL-CPE211_1.0.bin,2017-04-23
TL-AC100 V2.0.bin,2017-08-23
TL-CPE210_V3.0_2.0.1_Build_20181114_Rel.77283n.bin,2018-11-14
TL-NVR6100K_V1.0_1.0.37_Build_190411_Rel.39503n.bin,2019-04-11
TL-AP1751GPv2_1.0.8_Build_20180821_Rel.57076_up_signed.bin,2018-08-21
TL-AP1200I-Goldv1.bin,2017-12-06
TL-AP1200GP-Sv2.bin,2018-08-21
TL-AP303I-PoEv1.bin,2017-11-22
TL-AP300S-PoE V1.0.bin,2017-09-28
TL-AP300S-DC V1.0.bin,2017-09-28
TL-CPE210 V2.0.bin,2017-11-21
TL-AP450I-PoEv2_cn_gold.bin,2017-12-18
TL-AP303I-PoE V2.0.bin,2017-09-28
TL-AP306I-PoEv1.bin,2017-11-15
nvr6108v1.bin,2017-10-11
TL-AP1200GP-Ov2.bin,2018-08-21
TL-CPE240 V1.0.bin,2017-11-10
nvr6104pv1.bin,2017-11-22
TL-AP303I-PoE_V3.0_1.0.4_Build_20181121_Rel.65201.bin,2018-11-21
TL-NVR6100_V1.0_1.0.12_Build_190617_Rel.70392n.bin,2019-06-18
TL-AP1202GI-PoE_THIN_V1.0_2.0.1_Build_20190417_Rel.74953.bin,2019-04-18
TL-AP306C-PoE_V2.0_1.1.2_Build_20190409_Rel.45953.bin,2019-04-09
TL-AP301C V3.0.bin,2017-07-17
wa932rev1.bin,2016-12-01
TL-AP306I-PoE-THIN_V3.0_1.0.8_Build_20181114_Rel.50516.bin,2018-11-14
TL-AP302I-PoEv3_cn_cloud_1.0.7_[20180911-rel50227]_up_signed.bin,2018-09-11
TL-AC300_V2.0_1.0.4_Build_20190515_Rel.70877.bin,2019-05-15
en-GB_kh0_sg.bin,2008-02-29
en-GB_ta.bin,2008-02-29
it-IT_cm0_sg.bin,2008-02-29
es-ES_zl0_sg.bin,2008-02-29
es-ES_ta.bin,2008-02-29
en-US_lh0_sg.bin,2008-02-29
en-US_ta.bin,2008-02-29
it-IT_ta.bin,2008-02-29
fr-FR_ta.bin,2008-02-29
fr-FR_nk0_sg.bin,2008-02-29
de-DE_ta.bin,2008-02-29
de-DE_gl0_sg.bin,2008-02-29
fw_bcm4329_apsta.bin,2008-02-29
fw_RK903b2_p2p.bin,2008-02-29
fw_bcm4319.bin,2008-02-29
fw_bcm4330.bin,2008-02-29
fw_RK901a2.bin,2008-02-29
fw_RK903b2.bin,2008-02-29
fw_RK903_ag.bin,2008-02-29
fw_RK901.bin,2008-02-29
device.bin,2008-02-29
fw_bcm4329_wapi.bin,2008-02-29
fw_RK901a2_apsta.bin,2008-02-29
fw_bcm4329.bin,2008-02-29
fw_RK903.bin,2008-02-29
athtcmd_ram.bin,2008-02-29
fw_RK903_ag_apsta.bin,2008-02-29
data.patch.hw2_0.bin,2008-02-29
sd8686_helper.bin,2008-02-29
fw_RK903b2_apsta.bin,2008-02-29
fw_RK903_p2p.bin,2008-02-29
fw_RK901a2_p2p.bin,2008-02-29
fw_RK901a0_apsta.bin,2008-02-29
fw_RK901a0.bin,2008-02-29
fw_RK903_ag_p2p.bin,2008-02-29
fw_bcm4330_apsta.bin,2008-02-29
sd8686.bin,2008-02-29
bdata.SD31.bin,2008-02-29
TL-AP450I-DCv1.bin,2017-11-21
TL-AP456I-PoE-THIN_V2.0_1.0.5_Build_20190109_Rel.59523.bin,2019-01-09
nvr5108pev1.bin,2018-02-08
TL-AP1200I-PoE V1.0.bin,2017-08-01
TL-AP456I-PoEv1.bin,2017-11-06
TL-AP302I-DCv1.bin,2017-11-21
mr10uv1.bin,2013-03-21
nvr6432v1.bin,2017-10-27
TL-AP1205GP_V1.0_1.0.2_Build_20190214_Rel.64161.bin,2019-02-14
cpe521v1.bin,2017-10-12
wa832rev3-cn-up_2017-03-10_19.09.02.bin,2017-03-10
nvr5108v1.bin,2017-12-06
nvr6108pv1.bin,2017-11-14
TL-AP1200GI-PoE V1.0.bin,2017-08-01
TL-AC100_V3.0_1.2.5_Build_20190515_Rel.73580.bin,2019-05-16
TL-AP1300GC-PoE_DC_V2.0_1.0.1_Build_20190322_Rel.56861.bin,2019-03-22
TL-AP302I-PoE薄款_V3.0_1.0.7_Build_20181212_Rel.35042.bin,2018-12-12
wa832rev3.bin,2016-12-07
TL-AP450I-DC_V4.0_1.0.4_Build_20190819_Rel.44448.bin,2019-08-19
sysSL2210WEB.bin,2011-10-10
h69rv1.bin,2017-07-26
TL-AP1202GI-PoE香槟金 V1.0.bin,2018-02-26
TL-CPE230固定端&TL-CPE230轿厢端套装_V2.0_2.0.2_Build_20181113_Rel.79509n.bin,2018-11-13
TL-AP1205GI-PoE_V1.0_1.0.1_Build_20181207_Rel.55573.bin,2018-12-07
TL-AP450I-PoE_GOLD_V4.0_1.0.4_Build_20190816_Rel.46975.bin,2019-08-16
cpe520 V1.0.bin,2017-11-12
update.bin,2017-08-16
TL-AP302I-PoE V4.0.bin,2017-09-13
cpe500 V1.0.bin,2017-11-12
TL-AP1205I-PoE_V1.0_1.0.2_Build_20181207_Rel.56619.bin,2018-12-07
TL-AP450I-DC-THIN_V3.0_1.0.3_Build_20190110_Rel.32586.bin,2019-01-10
TL-AP453I-PoEv1.bin,2017-11-06
TL-AP455I-PoE_V1.0_1.0.3_Build_20190819_Rel.42095.bin,2019-08-19
TL-AC200v2.bin,2017-11-23
nvr5104v2.bin,2016-09-09
TL-AP1200GI-Goldv1.bin,2017-12-05
TL-CPE200_V2.0_2.0.2_Build_20181114_Rel.43322n.bin,2018-11-14
TL-AC100v2.bin,2017-11-23
TL-AP302I-DC_V4.0_1.0.7_Build_20181101_Rel.39474.bin,2018-11-01
TL-AP453I-PoE-THIN_V2.0_1.0.3_Build_20190110 Rel.32952.bin,2019-01-10
StrongRising_vid(21f5)_pid(1000)_file(2).bin,2010-11-26
TL-NVR6200_V1.0_1.0.12_Build_181206_Rel.69216n.bin,2018-12-07
TL-AP1200GI-PoEv1.bin,2017-12-04
TL-NVR6200E_V1.0_1.0.9_Build_190801_Rel.41162n.bin,2019-08-01
nvr6108pv1.bin,2017-04-24
TL-AP1202I-PoE_V2.0_2.0.1_Build_20190417_Rel.63598.bin,2019-04-17
TL-AP1202I-PoE-THIN_V1.0_2.0.1_Build_20190417_Rel62939.bin,2019-04-17
nvr6232v1.bin,2017-10-30
TL-AP1202I-PoE-THIN_V2.0_1.0.1_Build_20190417_Rel.64253.bin,2019-04-17
TL-AP1205I-PoE_V1.0_1.0.3_Build_20190122_Rel.65632.bin,2019-01-22
TL-AP1758GI-PoEv1.bin,2017-11-20
TL-AP1750I-PoEv1.bin,2017-11-17
TL-AP450I-PoEv2_cn_gold.bin,2017-11-06
TL-HDAP4300GC-PoE_DC_V2.0_1.0.1_Build_20181024_Rel.38027.bin,2018-10-24
TL-AP1202I-PoE-THIN_GOLD_V1.0_1.0.2_Build_20181016_Rel.42739.bin,2018-10-16
nvr5108kv2.bin,2018-02-08
TL-AP300I-PoE-THIN_V5.0_1.0.8_Build_20181102_Rel.39218.bin,2018-11-02
TL-AP302I-DC-THIN_V3.0_1.0.7_Build_20181031_Rel.50709.bin,2018-10-31
TL-NVR6102C_V1.0_1.0.16_Build_190626_Rel.39297n.bin,2019-06-26
TL-AP302I-PoE_V5.0_1.0.7_Build_20181024_Rel.37502.bin,2018-10-24
TL-AP456I-PoE-THIN_V3.0_1.0.2_Build_20190819_Rel.46232.bin,2019-08-19
TL-AP300I-DCv1.bin,2017-11-15
nvr6416v1.bin,2017-10-27
TL-NVR6800_V1.0_1.0.24_Build_190621_Rel.46758n.bin,2019-06-21
TL-AC200_V4.0_1.0.8_Build_20190515_Rel.72014.bin,2019-05-16
TL-AP450I-PoEv1.bin,2017-11-21
TL-AP1750GPv2_1.0.7_Build_20180821_Rel.44348_up_signed.bin,2018-08-21
TL-CPE210 V2.0.bin,2017-04-23
TL-HDAP3500GC-PoE_DC_V2.0_1.0.2_Build_20181023_Rel.44543.bin,2018-10-23
TL-AP456I-PoEv1.bin,2017-12-18
TL-AP300I-PoE V4.0.bin,2017-09-28
nvr5104v1.bin,2017-12-06
TL-AP453I-PoE-THIN_V3.0_1.0.2_Build_20190819_Rel.45810.bin,2019-08-19
TL-AP300S-DC_V2.0_1.0.6_Build_20181120_Rel.57309.bin,2018-11-20
TL-AP1200GI-PoE V2.0.bin,2018-02-26
TL-AC200 V2.0.bin,2017-08-23
TL-AP300I-DC薄款_V3.0_1.0.8_Build_20181211_Rel.57245.bin,2018-12-11
TL-AP1202GI-PoE_V2.0_1.0.1_Build_20181106_Rel.39386.bin,2018-11-06
TL-AP302I-PoEv1.bin,2017-11-15
nvr5232v1.bin,2018-01-08
TL-AP1750GP-Ov2_1.0.6_Build_20180821_Rel.48099_up_signed.bin,2018-08-21
TL-AP450I-DCv2.bin,2017-12-18
TL-AC1000_V3.0_1.0.6_Build_20190515_Rel.73561.bin,2019-05-16
TL-AP1201C_V2.0_1.0.3_Build_20190322_Rel.57682.bin,2019-03-22
TL-AP302I-PoE_gold_V5.0_1.0.6_Build_20181029_Rel.40713.bin,2018-10-29
TL-NVR6108PE_V2.0_1.0.8_Build_190327_Rel.62423n.bin,2019-03-27
TL-AC10000v1.bin,2017-11-20
TL-HDAP2600GC-PoE_DC_V2.0_1.0.2_Build_20181023_Rel.43034.bin,2018-10-23
wda6330v2.bin,2017-09-06
nvr6104v1.bin,2017-10-17
nvr5104pv1.bin,2018-02-08
TL-AP302I-DC V2.0.bin,2017-09-28
TL-AC10000 V1.0.bin,2017-08-09
h29rav1&h29eav1_plc.bin,2015-03-12
h29ea.bin,2016-01-28
h29eav1_ap.bin,2016-01-27
TL-AP305I-PoE_V1.0_1.0.1_Build_20181106_Rel.57407.bin,2018-11-06
TL-AP1202C-PoE_V2.0_1.0.7_Build_20190524_Rel52885.bin,2019-05-24
TL-AP1200I-PoEv2_cloud_1.0.2_Build_20180903_Rel.65280_up_signed.bin,2018-09-03
TL-AC500_V3.0_1.0.4_Build_20190515_Rel.72696.bin,2019-05-15
TL-AP456GI-PoE-THIN_V1.0_1.0.5_Build_20190109_Rel.50606.bin,2019-01-09
TL-NVR6400_V1.0_1.0.21_Build_181130_Rel.61665n.bin,2018-12-03
TL-AP1200GI-PoE_V3.0_1.0.1_Build_20181207_Rel.63580.bin,2018-12-07
TL-AP456GI-PoE-THIN_gold_V1.0_1.0.3_Build_20190109_Rel.52305.bin,2019-01-09
TL-AP1750GP-Sv2_1.0.6_Build_20180821_Rel.46375_up_signed.bin,2018-08-21
TL-AP1200GI-PoE香槟金 V2.0.bin,2018-02-26
TL-AP306I-PoE_V3.0_1.0.5_Build_20181106_Rel.50748.bin,2018-11-06
